,https://www.elcometer.com
,https://www.elcometer.com,https://www.elcometer.com/en/inspection-equipment.html
,https://www.elcometer.com,https://www.elcometer.com/en/inspection-equipment.html,https://www.elcometer.com/en/laboratory-physical-test-equipment.html
,https://www.elcometer.com,https://www.elcometer.com/en/inspection-equipment.html,https://www.elcometer.com/en/laboratory-physical-test-equipment.html,https://blast.elcometer.com/about-us/
,https://www.elcometer.com,https://www.elcometer.com/en/inspection-equipment.html,https://www.elcometer.com/en/laboratory-physical-test-equipment.html,https://blast.elcometer.com/about-us/,https://www.elcometer.com/en/company-policies.html
,https://www.elcometer.com,https://www.elcometer.com/en/inspection-equipment.html,https://www.elcometer.com/en/laboratory-physical-test-equipment.html,https://blast.elcometer.com/about-us/,https://www.elcometer.com/en/company-policies.html,https://blast.elcometer.com/service-technical-support/
,https://www.elcometer.com,https://www.elcometer.com/en/inspection-equipment.html,https://www.elcometer.com/en/laboratory-physical-test-equipment.html,https://blast.elcometer.com/about-us/,https://www.elcometer.com/en/company-policies.html,https://blast.elcometer.com/service-technical-support/,https://elcometer.com/en/elcometer-careers.html
,https://www.elcometer.com,https://www.elcometer.com/en/inspection-equipment.html,https://www.elcometer.com/en/laboratory-physical-test-equipment.html,https://blast.elcometer.com/about-us/,https://www.elcometer.com/en/company-policies.html,https://blast.elcometer.com/service-technical-support/,https://elcometer.com/en/elcometer-careers.html,https://elcometer.com/en/terms-and-conditions-of-sale.html
,https://www.elcometer.com,https://www.elcometer.com/en/inspection-equipment.html,https://www.elcometer.com/en/laboratory-physical-test-equipment.html,https://blast.elcometer.com/about-us/,https://www.elcometer.com/en/company-policies.html,https://blast.elcometer.com/service-technical-support/,https://elcometer.com/en/elcometer-careers.html,https://elcometer.com/en/terms-and-conditions-of-sale.html,https://www.elcometer.com/en/press-room.html
,https://www.elcometer.com,https://www.elcometer.com/en/inspection-equipment.html,https://www.elcometer.com/en/laboratory-physical-test-equipment.html,https://blast.elcometer.com/about-us/,https://www.elcometer.com/en/company-policies.html,https://blast.elcometer.com/service-technical-support/,https://elcometer.com/en/elcometer-careers.html,https://elcometer.com/en/terms-and-conditions-of-sale.html,https://www.elcometer.com/en/press-room.html,https://www.elcometer.com/en/contact-us.html
,https://www.elcometer.com,https://www.elcometer.com/en/inspection-equipment.html,https://www.elcometer.com/en/laboratory-physical-test-equipment.html,https://blast.elcometer.com/about-us/,https://www.elcometer.com/en/company-policies.html,https://blast.elcometer.com/service-technical-support/,https://elcometer.com/en/elcometer-careers.html,https://elcometer.com/en/terms-and-conditions-of-sale.html,https://www.elcometer.com/en/press-room.html,https://www.elcometer.com/en/contact-us.html,#contentarea
,https://www.elcometer.com,https://www.elcometer.com/en/inspection-equipment.html,https://www.elcometer.com/en/laboratory-physical-test-equipment.html,https://blast.elcometer.com/about-us/,https://www.elcometer.com/en/company-policies.html,https://blast.elcometer.com/service-technical-support/,https://elcometer.com/en/elcometer-careers.html,https://elcometer.com/en/terms-and-conditions-of-sale.html,https://www.elcometer.com/en/press-room.html,https://www.elcometer.com/en/contact-us.html,#contentarea,#store.menu
,https://www.elcometer.com,https://www.elcometer.com/en/inspection-equipment.html,https://www.elcometer.com/en/laboratory-physical-test-equipment.html,https://blast.elcometer.com/about-us/,https://www.elcometer.com/en/company-policies.html,https://blast.elcometer.com/service-technical-support/,https://elcometer.com/en/elcometer-careers.html,https://elcometer.com/en/terms-and-conditions-of-sale.html,https://www.elcometer.com/en/press-room.html,https://www.elcometer.com/en/contact-us.html,#contentarea,#store.menu,https://blast.elcometer.com/abrasive-blast-machines
,https://www.elcometer.com,https://www.elcometer.com/en/inspection-equipment.html,https://www.elcometer.com/en/laboratory-physical-test-equipment.html,https://blast.elcometer.com/about-us/,https://www.elcometer.com/en/company-policies.html,https://blast.elcometer.com/service-technical-support/,https://elcometer.com/en/elcometer-careers.html,https://elcometer.com/en/terms-and-conditions-of-sale.html,https://www.elcometer.com/en/press-room.html,https://www.elcometer.com/en/contact-us.html,#contentarea,#store.menu,https://blast.elcometer.com/abrasive-blast-machines,https://blast.elcometer.com/abrasive-media-valves
,https://www.elcometer.com,https://www.elcometer.com/en/inspection-equipment.html,https://www.elcometer.com/en/laboratory-physical-test-equipment.html,https://blast.elcometer.com/about-us/,https://www.elcometer.com/en/company-policies.html,https://blast.elcometer.com/service-technical-support/,https://elcometer.com/en/elcometer-careers.html,https://elcometer.com/en/terms-and-conditions-of-sale.html,https://www.elcometer.com/en/press-room.html,https://www.elcometer.com/en/contact-us.html,#contentarea,#store.menu,https://blast.elcometer.com/abrasive-blast-machines,https://blast.elcometer.com/abrasive-media-valves,https://blast.elcometer.com/remote-control-valves
,https://www.elcometer.com,https://www.elcometer.com/en/inspection-equipment.html,https://www.elcometer.com/en/laboratory-physical-test-equipment.html,https://blast.elcometer.com/about-us/,https://www.elcometer.com/en/company-policies.html,https://blast.elcometer.com/service-technical-support/,https://elcometer.com/en/elcometer-careers.html,https://elcometer.com/en/terms-and-conditions-of-sale.html,https://www.elcometer.com/en/press-room.html,https://www.elcometer.com/en/contact-us.html,#contentarea,#store.menu,https://blast.elcometer.com/abrasive-blast-machines,https://blast.elcometer.com/abrasive-media-valves,https://blast.elcometer.com/remote-control-valves,https://blast.elcometer.com/blast-nozzles
,https://www.elcometer.com,https://www.elcometer.com/en/inspection-equipment.html,https://www.elcometer.com/en/laboratory-physical-test-equipment.html,https://blast.elcometer.com/about-us/,https://www.elcometer.com/en/company-policies.html,https://blast.elcometer.com/service-technical-support/,https://elcometer.com/en/elcometer-careers.html,https://elcometer.com/en/terms-and-conditions-of-sale.html,https://www.elcometer.com/en/press-room.html,https://www.elcometer.com/en/contact-us.html,#contentarea,#store.menu,https://blast.elcometer.com/abrasive-blast-machines,https://blast.elcometer.com/abrasive-media-valves,https://blast.elcometer.com/remote-control-valves,https://blast.elcometer.com/blast-nozzles,https://blast.elcometer.com/blast-hose-nozzle-holders-and-couplings
,https://www.elcometer.com,https://www.elcometer.com/en/inspection-equipment.html,https://www.elcometer.com/en/laboratory-physical-test-equipment.html,https://blast.elcometer.com/about-us/,https://www.elcometer.com/en/company-policies.html,https://blast.elcometer.com/service-technical-support/,https://elcometer.com/en/elcometer-careers.html,https://elcometer.com/en/terms-and-conditions-of-sale.html,https://www.elcometer.com/en/press-room.html,https://www.elcometer.com/en/contact-us.html,#contentarea,#store.menu,https://blast.elcometer.com/abrasive-blast-machines,https://blast.elcometer.com/abrasive-media-valves,https://blast.elcometer.com/remote-control-valves,https://blast.elcometer.com/blast-nozzles,https://blast.elcometer.com/blast-hose-nozzle-holders-and-couplings,https://blast.elcometer.com/air-handling-moisture-separation/
,https://www.elcometer.com,https://www.elcometer.com/en/inspection-equipment.html,https://www.elcometer.com/en/laboratory-physical-test-equipment.html,https://blast.elcometer.com/about-us/,https://www.elcometer.com/en/company-policies.html,https://blast.elcometer.com/service-technical-support/,https://elcometer.com/en/elcometer-careers.html,https://elcometer.com/en/terms-and-conditions-of-sale.html,https://www.elcometer.com/en/press-room.html,https://www.elcometer.com/en/contact-us.html,#contentarea,#store.menu,https://blast.elcometer.com/abrasive-blast-machines,https://blast.elcometer.com/abrasive-media-valves,https://blast.elcometer.com/remote-control-valves,https://blast.elcometer.com/blast-nozzles,https://blast.elcometer.com/blast-hose-nozzle-holders-and-couplings,https://blast.elcometer.com/air-handling-moisture-separation/,https://blast.elcometer.com/operator-safety-equipment
,https://www.elcometer.com,https://www.elcometer.com/en/inspection-equipment.html,https://www.elcometer.com/en/laboratory-physical-test-equipment.html,https://blast.elcometer.com/about-us/,https://www.elcometer.com/en/company-policies.html,https://blast.elcometer.com/service-technical-support/,https://elcometer.com/en/elcometer-careers.html,https://elcometer.com/en/terms-and-conditions-of-sale.html,https://www.elcometer.com/en/press-room.html,https://www.elcometer.com/en/contact-us.html,#contentarea,#store.menu,https://blast.elcometer.com/abrasive-blast-machines,https://blast.elcometer.com/abrasive-media-valves,https://blast.elcometer.com/remote-control-valves,https://blast.elcometer.com/blast-nozzles,https://blast.elcometer.com/blast-hose-nozzle-holders-and-couplings,https://blast.elcometer.com/air-handling-moisture-separation/,https://blast.elcometer.com/operator-safety-equipment,https://blast.elcometer.com/blast-inspection-test-equipment
,https://www.elcometer.com,https://www.elcometer.com/en/inspection-equipment.html,https://www.elcometer.com/en/laboratory-physical-test-equipment.html,https://blast.elcometer.com/about-us/,https://www.elcometer.com/en/company-policies.html,https://blast.elcometer.com/service-technical-support/,https://elcometer.com/en/elcometer-careers.html,https://elcometer.com/en/terms-and-conditions-of-sale.html,https://www.elcometer.com/en/press-room.html,https://www.elcometer.com/en/contact-us.html,#contentarea,#store.menu,https://blast.elcometer.com/abrasive-blast-machines,https://blast.elcometer.com/abrasive-media-valves,https://blast.elcometer.com/remote-control-valves,https://blast.elcometer.com/blast-nozzles,https://blast.elcometer.com/blast-hose-nozzle-holders-and-couplings,https://blast.elcometer.com/air-handling-moisture-separation/,https://blast.elcometer.com/operator-safety-equipment,https://blast.elcometer.com/blast-inspection-test-equipment,#store.links
,https://www.elcometer.com,https://www.elcometer.com/en/inspection-equipment.html,https://www.elcometer.com/en/laboratory-physical-test-equipment.html,https://blast.elcometer.com/about-us/,https://www.elcometer.com/en/company-policies.html,https://blast.elcometer.com/service-technical-support/,https://elcometer.com/en/elcometer-careers.html,https://elcometer.com/en/terms-and-conditions-of-sale.html,https://www.elcometer.com/en/press-room.html,https://www.elcometer.com/en/contact-us.html,#contentarea,#store.menu,https://blast.elcometer.com/abrasive-blast-machines,https://blast.elcometer.com/abrasive-media-valves,https://blast.elcometer.com/remote-control-valves,https://blast.elcometer.com/blast-nozzles,https://blast.elcometer.com/blast-hose-nozzle-holders-and-couplings,https://blast.elcometer.com/air-handling-moisture-separation/,https://blast.elcometer.com/operator-safety-equipment,https://blast.elcometer.com/blast-inspection-test-equipment,#store.links,https://blast.elcometer.com/abrasive-blast-machines
,https://www.elcometer.com,https://www.elcometer.com/en/inspection-equipment.html,https://www.elcometer.com/en/laboratory-physical-test-equipment.html,https://blast.elcometer.com/about-us/,https://www.elcometer.com/en/company-policies.html,https://blast.elcometer.com/service-technical-support/,https://elcometer.com/en/elcometer-careers.html,https://elcometer.com/en/terms-and-conditions-of-sale.html,https://www.elcometer.com/en/press-room.html,https://www.elcometer.com/en/contact-us.html,#contentarea,#store.menu,https://blast.elcometer.com/abrasive-blast-machines,https://blast.elcometer.com/abrasive-media-valves,https://blast.elcometer.com/remote-control-valves,https://blast.elcometer.com/blast-nozzles,https://blast.elcometer.com/blast-hose-nozzle-holders-and-couplings,https://blast.elcometer.com/air-handling-moisture-separation/,https://blast.elcometer.com/operator-safety-equipment,https://blast.elcometer.com/blast-inspection-test-equipment,#store.links,https://blast.elcometer.com/abrasive-blast-machines,https://blast.elcometer.com/abrasive-media-valves
,https://www.elcometer.com,https://www.elcometer.com/en/inspection-equipment.html,https://www.elcometer.com/en/laboratory-physical-test-equipment.html,https://blast.elcometer.com/about-us/,https://www.elcometer.com/en/company-policies.html,https://blast.elcometer.com/service-technical-support/,https://elcometer.com/en/elcometer-careers.html,https://elcometer.com/en/terms-and-conditions-of-sale.html,https://www.elcometer.com/en/press-room.html,https://www.elcometer.com/en/contact-us.html,#contentarea,#store.menu,https://blast.elcometer.com/abrasive-blast-machines,https://blast.elcometer.com/abrasive-media-valves,https://blast.elcometer.com/remote-control-valves,https://blast.elcometer.com/blast-nozzles,https://blast.elcometer.com/blast-hose-nozzle-holders-and-couplings,https://blast.elcometer.com/air-handling-moisture-separation/,https://blast.elcometer.com/operator-safety-equipment,https://blast.elcometer.com/blast-inspection-test-equipment,#store.links,https://blast.elcometer.com/abrasive-blast-machines,https://blast.elcometer.com/abrasive-media-valves,https://blast.elcometer.com/remote-control-valves
,https://www.elcometer.com,https://www.elcometer.com/en/inspection-equipment.html,https://www.elcometer.com/en/laboratory-physical-test-equipment.html,https://blast.elcometer.com/about-us/,https://www.elcometer.com/en/company-policies.html,https://blast.elcometer.com/service-technical-support/,https://elcometer.com/en/elcometer-careers.html,https://elcometer.com/en/terms-and-conditions-of-sale.html,https://www.elcometer.com/en/press-room.html,https://www.elcometer.com/en/contact-us.html,#contentarea,#store.menu,https://blast.elcometer.com/abrasive-blast-machines,https://blast.elcometer.com/abrasive-media-valves,https://blast.elcometer.com/remote-control-valves,https://blast.elcometer.com/blast-nozzles,https://blast.elcometer.com/blast-hose-nozzle-holders-and-couplings,https://blast.elcometer.com/air-handling-moisture-separation/,https://blast.elcometer.com/operator-safety-equipment,https://blast.elcometer.com/blast-inspection-test-equipment,#store.links,https://blast.elcometer.com/abrasive-blast-machines,https://blast.elcometer.com/abrasive-media-valves,https://blast.elcometer.com/remote-control-valves,https://blast.elcometer.com/blast-nozzles
,https://www.elcometer.com,https://www.elcometer.com/en/inspection-equipment.html,https://www.elcometer.com/en/laboratory-physical-test-equipment.html,https://blast.elcometer.com/about-us/,https://www.elcometer.com/en/company-policies.html,https://blast.elcometer.com/service-technical-support/,https://elcometer.com/en/elcometer-careers.html,https://elcometer.com/en/terms-and-conditions-of-sale.html,https://www.elcometer.com/en/press-room.html,https://www.elcometer.com/en/contact-us.html,#contentarea,#store.menu,https://blast.elcometer.com/abrasive-blast-machines,https://blast.elcometer.com/abrasive-media-valves,https://blast.elcometer.com/remote-control-valves,https://blast.elcometer.com/blast-nozzles,https://blast.elcometer.com/blast-hose-nozzle-holders-and-couplings,https://blast.elcometer.com/air-handling-moisture-separation/,https://blast.elcometer.com/operator-safety-equipment,https://blast.elcometer.com/blast-inspection-test-equipment,#store.links,https://blast.elcometer.com/abrasive-blast-machines,https://blast.elcometer.com/abrasive-media-valves,https://blast.elcometer.com/remote-control-valves,https://blast.elcometer.com/blast-nozzles,https://blast.elcometer.com/blast-hose-nozzle-holders-and-couplings
,https://www.elcometer.com,https://www.elcometer.com/en/inspection-equipment.html,https://www.elcometer.com/en/laboratory-physical-test-equipment.html,https://blast.elcometer.com/about-us/,https://www.elcometer.com/en/company-policies.html,https://blast.elcometer.com/service-technical-support/,https://elcometer.com/en/elcometer-careers.html,https://elcometer.com/en/terms-and-conditions-of-sale.html,https://www.elcometer.com/en/press-room.html,https://www.elcometer.com/en/contact-us.html,#contentarea,#store.menu,https://blast.elcometer.com/abrasive-blast-machines,https://blast.elcometer.com/abrasive-media-valves,https://blast.elcometer.com/remote-control-valves,https://blast.elcometer.com/blast-nozzles,https://blast.elcometer.com/blast-hose-nozzle-holders-and-couplings,https://blast.elcometer.com/air-handling-moisture-separation/,https://blast.elcometer.com/operator-safety-equipment,https://blast.elcometer.com/blast-inspection-test-equipment,#store.links,https://blast.elcometer.com/abrasive-blast-machines,https://blast.elcometer.com/abrasive-media-valves,https://blast.elcometer.com/remote-control-valves,https://blast.elcometer.com/blast-nozzles,https://blast.elcometer.com/blast-hose-nozzle-holders-and-couplings,https://blast.elcometer.com/air-handling-moisture-separation/
,https://www.elcometer.com,https://www.elcometer.com/en/inspection-equipment.html,https://www.elcometer.com/en/laboratory-physical-test-equipment.html,https://blast.elcometer.com/about-us/,https://www.elcometer.com/en/company-policies.html,https://blast.elcometer.com/service-technical-support/,https://elcometer.com/en/elcometer-careers.html,https://elcometer.com/en/terms-and-conditions-of-sale.html,https://www.elcometer.com/en/press-room.html,https://www.elcometer.com/en/contact-us.html,#contentarea,#store.menu,https://blast.elcometer.com/abrasive-blast-machines,https://blast.elcometer.com/abrasive-media-valves,https://blast.elcometer.com/remote-control-valves,https://blast.elcometer.com/blast-nozzles,https://blast.elcometer.com/blast-hose-nozzle-holders-and-couplings,https://blast.elcometer.com/air-handling-moisture-separation/,https://blast.elcometer.com/operator-safety-equipment,https://blast.elcometer.com/blast-inspection-test-equipment,#store.links,https://blast.elcometer.com/abrasive-blast-machines,https://blast.elcometer.com/abrasive-media-valves,https://blast.elcometer.com/remote-control-valves,https://blast.elcometer.com/blast-nozzles,https://blast.elcometer.com/blast-hose-nozzle-holders-and-couplings,https://blast.elcometer.com/air-handling-moisture-separation/,https://blast.elcometer.com/operator-safety-equipment
,https://www.elcometer.com,https://www.elcometer.com/en/inspection-equipment.html,https://www.elcometer.com/en/laboratory-physical-test-equipment.html,https://blast.elcometer.com/about-us/,https://www.elcometer.com/en/company-policies.html,https://blast.elcometer.com/service-technical-support/,https://elcometer.com/en/elcometer-careers.html,https://elcometer.com/en/terms-and-conditions-of-sale.html,https://www.elcometer.com/en/press-room.html,https://www.elcometer.com/en/contact-us.html,#contentarea,#store.menu,https://blast.elcometer.com/abrasive-blast-machines,https://blast.elcometer.com/abrasive-media-valves,https://blast.elcometer.com/remote-control-valves,https://blast.elcometer.com/blast-nozzles,https://blast.elcometer.com/blast-hose-nozzle-holders-and-couplings,https://blast.elcometer.com/air-handling-moisture-separation/,https://blast.elcometer.com/operator-safety-equipment,https://blast.elcometer.com/blast-inspection-test-equipment,#store.links,https://blast.elcometer.com/abrasive-blast-machines,https://blast.elcometer.com/abrasive-media-valves,https://blast.elcometer.com/remote-control-valves,https://blast.elcometer.com/blast-nozzles,https://blast.elcometer.com/blast-hose-nozzle-holders-and-couplings,https://blast.elcometer.com/air-handling-moisture-separation/,https://blast.elcometer.com/operator-safety-equipment,https://blast.elcometer.com/blast-inspection-test-equipment
,https://www.elcometer.com,https://www.elcometer.com/en/inspection-equipment.html,https://www.elcometer.com/en/laboratory-physical-test-equipment.html,https://blast.elcometer.com/about-us/,https://www.elcometer.com/en/company-policies.html,https://blast.elcometer.com/service-technical-support/,https://elcometer.com/en/elcometer-careers.html,https://elcometer.com/en/terms-and-conditions-of-sale.html,https://www.elcometer.com/en/press-room.html,https://www.elcometer.com/en/contact-us.html,#contentarea,#store.menu,https://blast.elcometer.com/abrasive-blast-machines,https://blast.elcometer.com/abrasive-media-valves,https://blast.elcometer.com/remote-control-valves,https://blast.elcometer.com/blast-nozzles,https://blast.elcometer.com/blast-hose-nozzle-holders-and-couplings,https://blast.elcometer.com/air-handling-moisture-separation/,https://blast.elcometer.com/operator-safety-equipment,https://blast.elcometer.com/blast-inspection-test-equipment,#store.links,https://blast.elcometer.com/abrasive-blast-machines,https://blast.elcometer.com/abrasive-media-valves,https://blast.elcometer.com/remote-control-valves,https://blast.elcometer.com/blast-nozzles,https://blast.elcometer.com/blast-hose-nozzle-holders-and-couplings,https://blast.elcometer.com/air-handling-moisture-separation/,https://blast.elcometer.com/operator-safety-equipment,https://blast.elcometer.com/blast-inspection-test-equipment,https://blast.elcometer.com/about-us/
,https://www.elcometer.com,https://www.elcometer.com/en/inspection-equipment.html,https://www.elcometer.com/en/laboratory-physical-test-equipment.html,https://blast.elcometer.com/about-us/,https://www.elcometer.com/en/company-policies.html,https://blast.elcometer.com/service-technical-support/,https://elcometer.com/en/elcometer-careers.html,https://elcometer.com/en/terms-and-conditions-of-sale.html,https://www.elcometer.com/en/press-room.html,https://www.elcometer.com/en/contact-us.html,#contentarea,#store.menu,https://blast.elcometer.com/abrasive-blast-machines,https://blast.elcometer.com/abrasive-media-valves,https://blast.elcometer.com/remote-control-valves,https://blast.elcometer.com/blast-nozzles,https://blast.elcometer.com/blast-hose-nozzle-holders-and-couplings,https://blast.elcometer.com/air-handling-moisture-separation/,https://blast.elcometer.com/operator-safety-equipment,https://blast.elcometer.com/blast-inspection-test-equipment,#store.links,https://blast.elcometer.com/abrasive-blast-machines,https://blast.elcometer.com/abrasive-media-valves,https://blast.elcometer.com/remote-control-valves,https://blast.elcometer.com/blast-nozzles,https://blast.elcometer.com/blast-hose-nozzle-holders-and-couplings,https://blast.elcometer.com/air-handling-moisture-separation/,https://blast.elcometer.com/operator-safety-equipment,https://blast.elcometer.com/blast-inspection-test-equipment,https://blast.elcometer.com/about-us/,https://blast.elcometer.com/service-technical-support/
,https://www.elcometer.com,https://www.elcometer.com/en/inspection-equipment.html,https://www.elcometer.com/en/laboratory-physical-test-equipment.html,https://blast.elcometer.com/about-us/,https://www.elcometer.com/en/company-policies.html,https://blast.elcometer.com/service-technical-support/,https://elcometer.com/en/elcometer-careers.html,https://elcometer.com/en/terms-and-conditions-of-sale.html,https://www.elcometer.com/en/press-room.html,https://www.elcometer.com/en/contact-us.html,#contentarea,#store.menu,https://blast.elcometer.com/abrasive-blast-machines,https://blast.elcometer.com/abrasive-media-valves,https://blast.elcometer.com/remote-control-valves,https://blast.elcometer.com/blast-nozzles,https://blast.elcometer.com/blast-hose-nozzle-holders-and-couplings,https://blast.elcometer.com/air-handling-moisture-separation/,https://blast.elcometer.com/operator-safety-equipment,https://blast.elcometer.com/blast-inspection-test-equipment,#store.links,https://blast.elcometer.com/abrasive-blast-machines,https://blast.elcometer.com/abrasive-media-valves,https://blast.elcometer.com/remote-control-valves,https://blast.elcometer.com/blast-nozzles,https://blast.elcometer.com/blast-hose-nozzle-holders-and-couplings,https://blast.elcometer.com/air-handling-moisture-separation/,https://blast.elcometer.com/operator-safety-equipment,https://blast.elcometer.com/blast-inspection-test-equipment,https://blast.elcometer.com/about-us/,https://blast.elcometer.com/service-technical-support/,https://www.elcometer.com/en/request-a-catalogue.html
,https://www.elcometer.com,https://www.elcometer.com/en/inspection-equipment.html,https://www.elcometer.com/en/laboratory-physical-test-equipment.html,https://blast.elcometer.com/about-us/,https://www.elcometer.com/en/company-policies.html,https://blast.elcometer.com/service-technical-support/,https://elcometer.com/en/elcometer-careers.html,https://elcometer.com/en/terms-and-conditions-of-sale.html,https://www.elcometer.com/en/press-room.html,https://www.elcometer.com/en/contact-us.html,#contentarea,#store.menu,https://blast.elcometer.com/abrasive-blast-machines,https://blast.elcometer.com/abrasive-media-valves,https://blast.elcometer.com/remote-control-valves,https://blast.elcometer.com/blast-nozzles,https://blast.elcometer.com/blast-hose-nozzle-holders-and-couplings,https://blast.elcometer.com/air-handling-moisture-separation/,https://blast.elcometer.com/operator-safety-equipment,https://blast.elcometer.com/blast-inspection-test-equipment,#store.links,https://blast.elcometer.com/abrasive-blast-machines,https://blast.elcometer.com/abrasive-media-valves,https://blast.elcometer.com/remote-control-valves,https://blast.elcometer.com/blast-nozzles,https://blast.elcometer.com/blast-hose-nozzle-holders-and-couplings,https://blast.elcometer.com/air-handling-moisture-separation/,https://blast.elcometer.com/operator-safety-equipment,https://blast.elcometer.com/blast-inspection-test-equipment,https://blast.elcometer.com/about-us/,https://blast.elcometer.com/service-technical-support/,https://www.elcometer.com/en/request-a-catalogue.html,https://elcometer.com/en/contact-us.html
,https://www.elcometer.com,https://www.elcometer.com/en/inspection-equipment.html,https://www.elcometer.com/en/laboratory-physical-test-equipment.html,https://blast.elcometer.com/about-us/,https://www.elcometer.com/en/company-policies.html,https://blast.elcometer.com/service-technical-support/,https://elcometer.com/en/elcometer-careers.html,https://elcometer.com/en/terms-and-conditions-of-sale.html,https://www.elcometer.com/en/press-room.html,https://www.elcometer.com/en/contact-us.html,#contentarea,#store.menu,https://blast.elcometer.com/abrasive-blast-machines,https://blast.elcometer.com/abrasive-media-valves,https://blast.elcometer.com/remote-control-valves,https://blast.elcometer.com/blast-nozzles,https://blast.elcometer.com/blast-hose-nozzle-holders-and-couplings,https://blast.elcometer.com/air-handling-moisture-separation/,https://blast.elcometer.com/operator-safety-equipment,https://blast.elcometer.com/blast-inspection-test-equipment,#store.links,https://blast.elcometer.com/abrasive-blast-machines,https://blast.elcometer.com/abrasive-media-valves,https://blast.elcometer.com/remote-control-valves,https://blast.elcometer.com/blast-nozzles,https://blast.elcometer.com/blast-hose-nozzle-holders-and-couplings,https://blast.elcometer.com/air-handling-moisture-separation/,https://blast.elcometer.com/operator-safety-equipment,https://blast.elcometer.com/blast-inspection-test-equipment,https://blast.elcometer.com/about-us/,https://blast.elcometer.com/service-technical-support/,https://www.elcometer.com/en/request-a-catalogue.html,https://elcometer.com/en/contact-us.html,https://elcometer.com/en/terms-and-conditions-of-sale.html
,https://www.elcometer.com,https://www.elcometer.com/en/inspection-equipment.html,https://www.elcometer.com/en/laboratory-physical-test-equipment.html,https://blast.elcometer.com/about-us/,https://www.elcometer.com/en/company-policies.html,https://blast.elcometer.com/service-technical-support/,https://elcometer.com/en/elcometer-careers.html,https://elcometer.com/en/terms-and-conditions-of-sale.html,https://www.elcometer.com/en/press-room.html,https://www.elcometer.com/en/contact-us.html,#contentarea,#store.menu,https://blast.elcometer.com/abrasive-blast-machines,https://blast.elcometer.com/abrasive-media-valves,https://blast.elcometer.com/remote-control-valves,https://blast.elcometer.com/blast-nozzles,https://blast.elcometer.com/blast-hose-nozzle-holders-and-couplings,https://blast.elcometer.com/air-handling-moisture-separation/,https://blast.elcometer.com/operator-safety-equipment,https://blast.elcometer.com/blast-inspection-test-equipment,#store.links,https://blast.elcometer.com/abrasive-blast-machines,https://blast.elcometer.com/abrasive-media-valves,https://blast.elcometer.com/remote-control-valves,https://blast.elcometer.com/blast-nozzles,https://blast.elcometer.com/blast-hose-nozzle-holders-and-couplings,https://blast.elcometer.com/air-handling-moisture-separation/,https://blast.elcometer.com/operator-safety-equipment,https://blast.elcometer.com/blast-inspection-test-equipment,https://blast.elcometer.com/about-us/,https://blast.elcometer.com/service-technical-support/,https://www.elcometer.com/en/request-a-catalogue.html,https://elcometer.com/en/contact-us.html,https://elcometer.com/en/terms-and-conditions-of-sale.html,https://www.elcometer.com/en/company-policies.html
,https://www.elcometer.com,https://www.elcometer.com/en/inspection-equipment.html,https://www.elcometer.com/en/laboratory-physical-test-equipment.html,https://blast.elcometer.com/about-us/,https://www.elcometer.com/en/company-policies.html,https://blast.elcometer.com/service-technical-support/,https://elcometer.com/en/elcometer-careers.html,https://elcometer.com/en/terms-and-conditions-of-sale.html,https://www.elcometer.com/en/press-room.html,https://www.elcometer.com/en/contact-us.html,#contentarea,#store.menu,https://blast.elcometer.com/abrasive-blast-machines,https://blast.elcometer.com/abrasive-media-valves,https://blast.elcometer.com/remote-control-valves,https://blast.elcometer.com/blast-nozzles,https://blast.elcometer.com/blast-hose-nozzle-holders-and-couplings,https://blast.elcometer.com/air-handling-moisture-separation/,https://blast.elcometer.com/operator-safety-equipment,https://blast.elcometer.com/blast-inspection-test-equipment,#store.links,https://blast.elcometer.com/abrasive-blast-machines,https://blast.elcometer.com/abrasive-media-valves,https://blast.elcometer.com/remote-control-valves,https://blast.elcometer.com/blast-nozzles,https://blast.elcometer.com/blast-hose-nozzle-holders-and-couplings,https://blast.elcometer.com/air-handling-moisture-separation/,https://blast.elcometer.com/operator-safety-equipment,https://blast.elcometer.com/blast-inspection-test-equipment,https://blast.elcometer.com/about-us/,https://blast.elcometer.com/service-technical-support/,https://www.elcometer.com/en/request-a-catalogue.html,https://elcometer.com/en/contact-us.html,https://elcometer.com/en/terms-and-conditions-of-sale.html,https://www.elcometer.com/en/company-policies.html,https://elcometer.com/en/elcometer-careers.html
,https://www.elcometer.com,https://www.elcometer.com/en/inspection-equipment.html,https://www.elcometer.com/en/laboratory-physical-test-equipment.html,https://blast.elcometer.com/about-us/,https://www.elcometer.com/en/company-policies.html,https://blast.elcometer.com/service-technical-support/,https://elcometer.com/en/elcometer-careers.html,https://elcometer.com/en/terms-and-conditions-of-sale.html,https://www.elcometer.com/en/press-room.html,https://www.elcometer.com/en/contact-us.html,#contentarea,#store.menu,https://blast.elcometer.com/abrasive-blast-machines,https://blast.elcometer.com/abrasive-media-valves,https://blast.elcometer.com/remote-control-valves,https://blast.elcometer.com/blast-nozzles,https://blast.elcometer.com/blast-hose-nozzle-holders-and-couplings,https://blast.elcometer.com/air-handling-moisture-separation/,https://blast.elcometer.com/operator-safety-equipment,https://blast.elcometer.com/blast-inspection-test-equipment,#store.links,https://blast.elcometer.com/abrasive-blast-machines,https://blast.elcometer.com/abrasive-media-valves,https://blast.elcometer.com/remote-control-valves,https://blast.elcometer.com/blast-nozzles,https://blast.elcometer.com/blast-hose-nozzle-holders-and-couplings,https://blast.elcometer.com/air-handling-moisture-separation/,https://blast.elcometer.com/operator-safety-equipment,https://blast.elcometer.com/blast-inspection-test-equipment,https://blast.elcometer.com/about-us/,https://blast.elcometer.com/service-technical-support/,https://www.elcometer.com/en/request-a-catalogue.html,https://elcometer.com/en/contact-us.html,https://elcometer.com/en/terms-and-conditions-of-sale.html,https://www.elcometer.com/en/company-policies.html,https://elcometer.com/en/elcometer-careers.html,https://elcometer.com/en/press-room.html
,https://www.elcometer.com,https://www.elcometer.com/en/inspection-equipment.html,https://www.elcometer.com/en/laboratory-physical-test-equipment.html,https://blast.elcometer.com/about-us/,https://www.elcometer.com/en/company-policies.html,https://blast.elcometer.com/service-technical-support/,https://elcometer.com/en/elcometer-careers.html,https://elcometer.com/en/terms-and-conditions-of-sale.html,https://www.elcometer.com/en/press-room.html,https://www.elcometer.com/en/contact-us.html,#contentarea,#store.menu,https://blast.elcometer.com/abrasive-blast-machines,https://blast.elcometer.com/abrasive-media-valves,https://blast.elcometer.com/remote-control-valves,https://blast.elcometer.com/blast-nozzles,https://blast.elcometer.com/blast-hose-nozzle-holders-and-couplings,https://blast.elcometer.com/air-handling-moisture-separation/,https://blast.elcometer.com/operator-safety-equipment,https://blast.elcometer.com/blast-inspection-test-equipment,#store.links,https://blast.elcometer.com/abrasive-blast-machines,https://blast.elcometer.com/abrasive-media-valves,https://blast.elcometer.com/remote-control-valves,https://blast.elcometer.com/blast-nozzles,https://blast.elcometer.com/blast-hose-nozzle-holders-and-couplings,https://blast.elcometer.com/air-handling-moisture-separation/,https://blast.elcometer.com/operator-safety-equipment,https://blast.elcometer.com/blast-inspection-test-equipment,https://blast.elcometer.com/about-us/,https://blast.elcometer.com/service-technical-support/,https://www.elcometer.com/en/request-a-catalogue.html,https://elcometer.com/en/contact-us.html,https://elcometer.com/en/terms-and-conditions-of-sale.html,https://www.elcometer.com/en/company-policies.html,https://elcometer.com/en/elcometer-careers.html,https://elcometer.com/en/press-room.html,http://www.elcometer.com/en/inspection-equipment.html
,https://www.elcometer.com,https://www.elcometer.com/en/inspection-equipment.html,https://www.elcometer.com/en/laboratory-physical-test-equipment.html,https://blast.elcometer.com/about-us/,https://www.elcometer.com/en/company-policies.html,https://blast.elcometer.com/service-technical-support/,https://elcometer.com/en/elcometer-careers.html,https://elcometer.com/en/terms-and-conditions-of-sale.html,https://www.elcometer.com/en/press-room.html,https://www.elcometer.com/en/contact-us.html,#contentarea,#store.menu,https://blast.elcometer.com/abrasive-blast-machines,https://blast.elcometer.com/abrasive-media-valves,https://blast.elcometer.com/remote-control-valves,https://blast.elcometer.com/blast-nozzles,https://blast.elcometer.com/blast-hose-nozzle-holders-and-couplings,https://blast.elcometer.com/air-handling-moisture-separation/,https://blast.elcometer.com/operator-safety-equipment,https://blast.elcometer.com/blast-inspection-test-equipment,#store.links,https://blast.elcometer.com/abrasive-blast-machines,https://blast.elcometer.com/abrasive-media-valves,https://blast.elcometer.com/remote-control-valves,https://blast.elcometer.com/blast-nozzles,https://blast.elcometer.com/blast-hose-nozzle-holders-and-couplings,https://blast.elcometer.com/air-handling-moisture-separation/,https://blast.elcometer.com/operator-safety-equipment,https://blast.elcometer.com/blast-inspection-test-equipment,https://blast.elcometer.com/about-us/,https://blast.elcometer.com/service-technical-support/,https://www.elcometer.com/en/request-a-catalogue.html,https://elcometer.com/en/contact-us.html,https://elcometer.com/en/terms-and-conditions-of-sale.html,https://www.elcometer.com/en/company-policies.html,https://elcometer.com/en/elcometer-careers.html,https://elcometer.com/en/press-room.html,http://www.elcometer.com/en/inspection-equipment.html,https://www.elcometer.com/en/laboratory-physical-test-equipment.html
,https://www.elcometer.com,https://www.elcometer.com/en/inspection-equipment.html,https://www.elcometer.com/en/laboratory-physical-test-equipment.html,https://blast.elcometer.com/about-us/,https://www.elcometer.com/en/company-policies.html,https://blast.elcometer.com/service-technical-support/,https://elcometer.com/en/elcometer-careers.html,https://elcometer.com/en/terms-and-conditions-of-sale.html,https://www.elcometer.com/en/press-room.html,https://www.elcometer.com/en/contact-us.html,#contentarea,#store.menu,https://blast.elcometer.com/abrasive-blast-machines,https://blast.elcometer.com/abrasive-media-valves,https://blast.elcometer.com/remote-control-valves,https://blast.elcometer.com/blast-nozzles,https://blast.elcometer.com/blast-hose-nozzle-holders-and-couplings,https://blast.elcometer.com/air-handling-moisture-separation/,https://blast.elcometer.com/operator-safety-equipment,https://blast.elcometer.com/blast-inspection-test-equipment,#store.links,https://blast.elcometer.com/abrasive-blast-machines,https://blast.elcometer.com/abrasive-media-valves,https://blast.elcometer.com/remote-control-valves,https://blast.elcometer.com/blast-nozzles,https://blast.elcometer.com/blast-hose-nozzle-holders-and-couplings,https://blast.elcometer.com/air-handling-moisture-separation/,https://blast.elcometer.com/operator-safety-equipment,https://blast.elcometer.com/blast-inspection-test-equipment,https://blast.elcometer.com/about-us/,https://blast.elcometer.com/service-technical-support/,https://www.elcometer.com/en/request-a-catalogue.html,https://elcometer.com/en/contact-us.html,https://elcometer.com/en/terms-and-conditions-of-sale.html,https://www.elcometer.com/en/company-policies.html,https://elcometer.com/en/elcometer-careers.html,https://elcometer.com/en/press-room.html,http://www.elcometer.com/en/inspection-equipment.html,https://www.elcometer.com/en/laboratory-physical-test-equipment.html,http://www.elcometer.com.html
,https://www.elcometer.com,https://www.elcometer.com/en/inspection-equipment.html,https://www.elcometer.com/en/laboratory-physical-test-equipment.html,https://blast.elcometer.com/about-us/,https://www.elcometer.com/en/company-policies.html,https://blast.elcometer.com/service-technical-support/,https://elcometer.com/en/elcometer-careers.html,https://elcometer.com/en/terms-and-conditions-of-sale.html,https://www.elcometer.com/en/press-room.html,https://www.elcometer.com/en/contact-us.html,#contentarea,#store.menu,https://blast.elcometer.com/abrasive-blast-machines,https://blast.elcometer.com/abrasive-media-valves,https://blast.elcometer.com/remote-control-valves,https://blast.elcometer.com/blast-nozzles,https://blast.elcometer.com/blast-hose-nozzle-holders-and-couplings,https://blast.elcometer.com/air-handling-moisture-separation/,https://blast.elcometer.com/operator-safety-equipment,https://blast.elcometer.com/blast-inspection-test-equipment,#store.links,https://blast.elcometer.com/abrasive-blast-machines,https://blast.elcometer.com/abrasive-media-valves,https://blast.elcometer.com/remote-control-valves,https://blast.elcometer.com/blast-nozzles,https://blast.elcometer.com/blast-hose-nozzle-holders-and-couplings,https://blast.elcometer.com/air-handling-moisture-separation/,https://blast.elcometer.com/operator-safety-equipment,https://blast.elcometer.com/blast-inspection-test-equipment,https://blast.elcometer.com/about-us/,https://blast.elcometer.com/service-technical-support/,https://www.elcometer.com/en/request-a-catalogue.html,https://elcometer.com/en/contact-us.html,https://elcometer.com/en/terms-and-conditions-of-sale.html,https://www.elcometer.com/en/company-policies.html,https://elcometer.com/en/elcometer-careers.html,https://elcometer.com/en/press-room.html,http://www.elcometer.com/en/inspection-equipment.html,https://www.elcometer.com/en/laboratory-physical-test-equipment.html,http://www.elcometer.com.html,/
,https://www.elcometer.com,https://www.elcometer.com/en/inspection-equipment.html,https://www.elcometer.com/en/laboratory-physical-test-equipment.html,https://blast.elcometer.com/about-us/,https://www.elcometer.com/en/company-policies.html,https://blast.elcometer.com/service-technical-support/,https://elcometer.com/en/elcometer-careers.html,https://elcometer.com/en/terms-and-conditions-of-sale.html,https://www.elcometer.com/en/press-room.html,https://www.elcometer.com/en/contact-us.html,#contentarea,#store.menu,https://blast.elcometer.com/abrasive-blast-machines,https://blast.elcometer.com/abrasive-media-valves,https://blast.elcometer.com/remote-control-valves,https://blast.elcometer.com/blast-nozzles,https://blast.elcometer.com/blast-hose-nozzle-holders-and-couplings,https://blast.elcometer.com/air-handling-moisture-separation/,https://blast.elcometer.com/operator-safety-equipment,https://blast.elcometer.com/blast-inspection-test-equipment,#store.links,https://blast.elcometer.com/abrasive-blast-machines,https://blast.elcometer.com/abrasive-media-valves,https://blast.elcometer.com/remote-control-valves,https://blast.elcometer.com/blast-nozzles,https://blast.elcometer.com/blast-hose-nozzle-holders-and-couplings,https://blast.elcometer.com/air-handling-moisture-separation/,https://blast.elcometer.com/operator-safety-equipment,https://blast.elcometer.com/blast-inspection-test-equipment,https://blast.elcometer.com/about-us/,https://blast.elcometer.com/service-technical-support/,https://www.elcometer.com/en/request-a-catalogue.html,https://elcometer.com/en/contact-us.html,https://elcometer.com/en/terms-and-conditions-of-sale.html,https://www.elcometer.com/en/company-policies.html,https://elcometer.com/en/elcometer-careers.html,https://elcometer.com/en/press-room.html,http://www.elcometer.com/en/inspection-equipment.html,https://www.elcometer.com/en/laboratory-physical-test-equipment.html,http://www.elcometer.com.html,/,https://www.elcometer.com/en/inspection-equipment.html
,https://www.elcometer.com,https://www.elcometer.com/en/inspection-equipment.html,https://www.elcometer.com/en/laboratory-physical-test-equipment.html,https://blast.elcometer.com/about-us/,https://www.elcometer.com/en/company-policies.html,https://blast.elcometer.com/service-technical-support/,https://elcometer.com/en/elcometer-careers.html,https://elcometer.com/en/terms-and-conditions-of-sale.html,https://www.elcometer.com/en/press-room.html,https://www.elcometer.com/en/contact-us.html,#contentarea,#store.menu,https://blast.elcometer.com/abrasive-blast-machines,https://blast.elcometer.com/abrasive-media-valves,https://blast.elcometer.com/remote-control-valves,https://blast.elcometer.com/blast-nozzles,https://blast.elcometer.com/blast-hose-nozzle-holders-and-couplings,https://blast.elcometer.com/air-handling-moisture-separation/,https://blast.elcometer.com/operator-safety-equipment,https://blast.elcometer.com/blast-inspection-test-equipment,#store.links,https://blast.elcometer.com/abrasive-blast-machines,https://blast.elcometer.com/abrasive-media-valves,https://blast.elcometer.com/remote-control-valves,https://blast.elcometer.com/blast-nozzles,https://blast.elcometer.com/blast-hose-nozzle-holders-and-couplings,https://blast.elcometer.com/air-handling-moisture-separation/,https://blast.elcometer.com/operator-safety-equipment,https://blast.elcometer.com/blast-inspection-test-equipment,https://blast.elcometer.com/about-us/,https://blast.elcometer.com/service-technical-support/,https://www.elcometer.com/en/request-a-catalogue.html,https://elcometer.com/en/contact-us.html,https://elcometer.com/en/terms-and-conditions-of-sale.html,https://www.elcometer.com/en/company-policies.html,https://elcometer.com/en/elcometer-careers.html,https://elcometer.com/en/press-room.html,http://www.elcometer.com/en/inspection-equipment.html,https://www.elcometer.com/en/laboratory-physical-test-equipment.html,http://www.elcometer.com.html,/,https://www.elcometer.com/en/inspection-equipment.html,https://www.elcometer.com/en/laboratory-physical-test-equipment.html
,https://www.elcometer.com,https://www.elcometer.com/en/inspection-equipment.html,https://www.elcometer.com/en/laboratory-physical-test-equipment.html,https://blast.elcometer.com/about-us/,https://www.elcometer.com/en/company-policies.html,https://blast.elcometer.com/service-technical-support/,https://elcometer.com/en/elcometer-careers.html,https://elcometer.com/en/terms-and-conditions-of-sale.html,https://www.elcometer.com/en/press-room.html,https://www.elcometer.com/en/contact-us.html,#contentarea,#store.menu,https://blast.elcometer.com/abrasive-blast-machines,https://blast.elcometer.com/abrasive-media-valves,https://blast.elcometer.com/remote-control-valves,https://blast.elcometer.com/blast-nozzles,https://blast.elcometer.com/blast-hose-nozzle-holders-and-couplings,https://blast.elcometer.com/air-handling-moisture-separation/,https://blast.elcometer.com/operator-safety-equipment,https://blast.elcometer.com/blast-inspection-test-equipment,#store.links,https://blast.elcometer.com/abrasive-blast-machines,https://blast.elcometer.com/abrasive-media-valves,https://blast.elcometer.com/remote-control-valves,https://blast.elcometer.com/blast-nozzles,https://blast.elcometer.com/blast-hose-nozzle-holders-and-couplings,https://blast.elcometer.com/air-handling-moisture-separation/,https://blast.elcometer.com/operator-safety-equipment,https://blast.elcometer.com/blast-inspection-test-equipment,https://blast.elcometer.com/about-us/,https://blast.elcometer.com/service-technical-support/,https://www.elcometer.com/en/request-a-catalogue.html,https://elcometer.com/en/contact-us.html,https://elcometer.com/en/terms-and-conditions-of-sale.html,https://www.elcometer.com/en/company-policies.html,https://elcometer.com/en/elcometer-careers.html,https://elcometer.com/en/press-room.html,http://www.elcometer.com/en/inspection-equipment.html,https://www.elcometer.com/en/laboratory-physical-test-equipment.html,http://www.elcometer.com.html,/,https://www.elcometer.com/en/inspection-equipment.html,https://www.elcometer.com/en/laboratory-physical-test-equipment.html,https://www.elcometer.com/en/privacy-policy.html
,https://www.elcometer.com,https://www.elcometer.com/en/inspection-equipment.html,https://www.elcometer.com/en/laboratory-physical-test-equipment.html,https://blast.elcometer.com/about-us/,https://www.elcometer.com/en/company-policies.html,https://blast.elcometer.com/service-technical-support/,https://elcometer.com/en/elcometer-careers.html,https://elcometer.com/en/terms-and-conditions-of-sale.html,https://www.elcometer.com/en/press-room.html,https://www.elcometer.com/en/contact-us.html,#contentarea,#store.menu,https://blast.elcometer.com/abrasive-blast-machines,https://blast.elcometer.com/abrasive-media-valves,https://blast.elcometer.com/remote-control-valves,https://blast.elcometer.com/blast-nozzles,https://blast.elcometer.com/blast-hose-nozzle-holders-and-couplings,https://blast.elcometer.com/air-handling-moisture-separation/,https://blast.elcometer.com/operator-safety-equipment,https://blast.elcometer.com/blast-inspection-test-equipment,#store.links,https://blast.elcometer.com/abrasive-blast-machines,https://blast.elcometer.com/abrasive-media-valves,https://blast.elcometer.com/remote-control-valves,https://blast.elcometer.com/blast-nozzles,https://blast.elcometer.com/blast-hose-nozzle-holders-and-couplings,https://blast.elcometer.com/air-handling-moisture-separation/,https://blast.elcometer.com/operator-safety-equipment,https://blast.elcometer.com/blast-inspection-test-equipment,https://blast.elcometer.com/about-us/,https://blast.elcometer.com/service-technical-support/,https://www.elcometer.com/en/request-a-catalogue.html,https://elcometer.com/en/contact-us.html,https://elcometer.com/en/terms-and-conditions-of-sale.html,https://www.elcometer.com/en/company-policies.html,https://elcometer.com/en/elcometer-careers.html,https://elcometer.com/en/press-room.html,http://www.elcometer.com/en/inspection-equipment.html,https://www.elcometer.com/en/laboratory-physical-test-equipment.html,http://www.elcometer.com.html,/,https://www.elcometer.com/en/inspection-equipment.html,https://www.elcometer.com/en/laboratory-physical-test-equipment.html,https://www.elcometer.com/en/privacy-policy.html,https://www.elcometer.com/en/copyright-policy-statement.html
,https://www.elcometer.com,https://www.elcometer.com/en/inspection-equipment.html,https://www.elcometer.com/en/laboratory-physical-test-equipment.html,https://blast.elcometer.com/about-us/,https://www.elcometer.com/en/company-policies.html,https://blast.elcometer.com/service-technical-support/,https://elcometer.com/en/elcometer-careers.html,https://elcometer.com/en/terms-and-conditions-of-sale.html,https://www.elcometer.com/en/press-room.html,https://www.elcometer.com/en/contact-us.html,#contentarea,#store.menu,https://blast.elcometer.com/abrasive-blast-machines,https://blast.elcometer.com/abrasive-media-valves,https://blast.elcometer.com/remote-control-valves,https://blast.elcometer.com/blast-nozzles,https://blast.elcometer.com/blast-hose-nozzle-holders-and-couplings,https://blast.elcometer.com/air-handling-moisture-separation/,https://blast.elcometer.com/operator-safety-equipment,https://blast.elcometer.com/blast-inspection-test-equipment,#store.links,https://blast.elcometer.com/abrasive-blast-machines,https://blast.elcometer.com/abrasive-media-valves,https://blast.elcometer.com/remote-control-valves,https://blast.elcometer.com/blast-nozzles,https://blast.elcometer.com/blast-hose-nozzle-holders-and-couplings,https://blast.elcometer.com/air-handling-moisture-separation/,https://blast.elcometer.com/operator-safety-equipment,https://blast.elcometer.com/blast-inspection-test-equipment,https://blast.elcometer.com/about-us/,https://blast.elcometer.com/service-technical-support/,https://www.elcometer.com/en/request-a-catalogue.html,https://elcometer.com/en/contact-us.html,https://elcometer.com/en/terms-and-conditions-of-sale.html,https://www.elcometer.com/en/company-policies.html,https://elcometer.com/en/elcometer-careers.html,https://elcometer.com/en/press-room.html,http://www.elcometer.com/en/inspection-equipment.html,https://www.elcometer.com/en/laboratory-physical-test-equipment.html,http://www.elcometer.com.html,/,https://www.elcometer.com/en/inspection-equipment.html,https://www.elcometer.com/en/laboratory-physical-test-equipment.html,https://www.elcometer.com/en/privacy-policy.html,https://www.elcometer.com/en/copyright-policy-statement.html,https://blast.elcometer.com/copyright/
